id,code,title_ko,COMM,RESP,PROB,GROW,STRE,ADAP,representative_job
1,11,인문·사회과학 연구직,3,3,5,4,3,3,연구원(R&D)
2,110,인문·사회과학 연구원,3,3,5,4,3,3,연구원(R&D)
3,1101,인문과학 연구원,3,3,5,4,3,3,연구원(R&D)
4,1102,사회과학 연구원,3,3,5,4,3,3,연구원(R&D)
5,12,자연·생명과학 연구직,3,3,5,4,3,3,연구원(R&D)
6,121,자연과학 연구원 및 시험원,3,3,5,4,3,3,연구원(R&D)
7,1211,자연과학 연구원,3,3,5,4,3,3,연구원(R&D)
8,1212,자연과학 시험원,3,3,5,4,3,3,기타전문직
9,122,생명과학 연구원 및 시험원,3,3,5,4,3,3,연구원(R&D)
10,1221,생명과학 연구원,3,3,5,4,3,3,연구원(R&D)
11,1222,생명과학 시험원,3,3,5,4,3,3,기타전문직
12,1223,농림어업 관련 시험원,3,3,4,4,3,3,기타전문직
13,13,정보통신 연구개발직 및,3,3,5,4,3,3,연구원(R&D)
14,131,컴퓨터하드웨어·통신공학,3,3,5,4,3,3,기타전문직
15,1311,컴퓨터 하드웨어 기술자 및,3,3,4,4,3,3,기타전문직
16,1312,통신공학 기술자 및 연구원,3,3,5,4,3,3,연구원(R&D)
17,132,컴퓨터시스템 전문가,3,3,4,4,3,3,임베디드/시스템 엔지니어
18,1320,컴퓨터 시스템 전문가,3,3,4,4,3,3,임베디드/시스템 엔지니어
19,133,소프트웨어 개발자,3,3,5,4,3,3,기타전문직
20,1331,시스템 소프트웨어 개발자,3,3,5,4,3,3,임베디드/시스템 엔지니어
21,1332,응용 소프트웨어 개발자,3,3,5,4,3,3,기타전문직
22,1333,웹 개발자,3,3,5,4,3,3,기타전문직
23,1339,기타 컴퓨터 시스템 및,3,3,4,4,3,3,임베디드/시스템 엔지니어
24,134,네트워크 시스템 개발자 및,3,3,5,4,3,3,임베디드/시스템 엔지니어
25,1341,네트워크 시스템 개발자,3,3,5,4,3,3,임베디드/시스템 엔지니어
26,1342,정보 보안 전문가,3,3,4,4,3,3,정보보안 전문가
27,1349,기타 네트워크 및 정보 보안,3,3,4,4,3,3,정보보안 전문가
28,135,데이터 전문가,3,3,5,4,3,3,데이터 분석가
29,1351,데이터 시스템 전문가,3,3,5,4,3,3,데이터 분석가
30,1352,데이터 분석가,3,3,5,4,3,3,데이터 분석가
31,136,정보시스템 및 웹 운영자,3,3,4,4,3,3,임베디드/시스템 엔지니어
32,1361,정보 시스템 운영자,3,3,4,4,3,3,임베디드/시스템 엔지니어
33,1362,웹 운영자,3,3,4,4,3,3,기타전문직
34,137,통신·방송송출 장비 기사,3,3,4,4,3,3,기타전문직
35,1370,통신 및 방송 송출 장비 기사,3,3,4,4,3,3,기타전문직
36,14,건설·채굴 연구개발직 및,3,3,5,4,3,3,연구원(R&D)
37,140,건축·토목공학 기술자 및,3,3,5,4,3,3,토목/건축 엔지니어
38,1401,건축가,3,3,4,4,3,3,토목/건축 엔지니어
39,1402,건축공학 기술자,3,3,5,4,3,3,토목/건축 엔지니어
40,1403,토목공학 기술자,3,3,5,4,3,3,토목/건축 엔지니어
41,1404,조경 기술자,3,3,4,4,3,3,기타전문직
42,1405,도시 및 교통 관련 전문가,3,3,4,4,3,3,기타전문직
43,1406,측량 및 공간정보 전문가,3,3,4,4,3,3,기타전문직
44,1407,건설자재 시험원,3,3,4,4,3,3,기타전문직
45,15,제조 연구개발직 및 공학기술직,3,3,5,4,3,3,연구원(R&D)
46,151,기계·로봇공학 기술자 및,3,3,5,4,3,3,기계 엔지니어
47,1511,기계공학 기술자 및 연구원,3,3,5,4,3,3,연구원(R&D)
48,1512,로봇공학 기술자 및 연구원,3,3,5,4,3,3,연구원(R&D)
49,1513,기계 및 로봇공학 시험원,3,3,5,4,3,3,기계 엔지니어
50,152,금속·재료공학 기술자 및,3,3,5,4,3,3,기타전문직
51,1521,금속,3,3,4,4,3,3,기타전문직
52,1522,금속 및 재료공학 시험원,3,3,5,4,3,3,기타전문직
53,153,전기·전자공학 기술자 및,3,3,5,4,3,3,전기/전자 엔지니어
54,1531,전기공학 기술자 및 연구원,3,3,5,4,3,3,연구원(R&D)
55,1532,반도체공학 기술자 및 연구원,3,3,5,4,3,3,연구원(R&D)
56,1533,전자공학 기술자 및 연구원,3,3,5,4,3,3,연구원(R&D)
57,1534,전기 및 전자공학 시험원,3,3,5,4,3,3,전기/전자 엔지니어
58,154,화학공학 기술자 및 시험원,3,3,5,4,3,3,기타전문직
59,1541,화학공학 기술자 및 연구원,3,3,5,4,3,3,연구원(R&D)
60,1542,화학공학 시험원,3,3,5,4,3,3,기타전문직
61,155,에너지·환경공학 기술자 및,3,3,5,4,3,3,기타전문직
62,1551,가스,3,3,4,4,3,3,기타전문직
63,1552,가스 및 에너지 시험원,3,3,4,4,3,3,기타전문직
64,1553,신재생에너지 기술자 및,3,3,4,4,3,3,기타전문직
65,1554,신재생에너지 시험원,3,3,4,4,3,3,기타전문직
66,1555,환경공학 기술자 및 연구원,3,3,5,4,3,3,연구원(R&D)
67,1556,환경공학 시험원,3,3,5,4,3,3,기타전문직
68,1557,산업보건 및 산업환경 관리,3,3,4,4,3,3,기타전문직
69,156,섬유공학 기술자 및 시험원,3,3,5,4,3,3,기타전문직
70,1561,섬유공학 기술자 및 연구원,3,3,5,4,3,3,연구원(R&D)
71,1562,섬유공학 시험원,3,3,5,4,3,3,기타전문직
72,157,식품공학 기술자 및 시험원,3,3,5,4,3,3,기타전문직
73,1571,식품공학 기술자 및 연구원,3,3,5,4,3,3,연구원(R&D)
74,1572,식품공학 시험원,3,3,5,4,3,3,기타전문직
75,158,소방·방재·산업안전·비파괴,3,3,4,4,4,3,경찰·소방·교정
76,1581,소방공학 기술자 및 연구원,3,3,5,4,4,3,연구원(R&D)
77,1582,방재 기술자 및 연구원,3,3,5,4,3,3,연구원(R&D)
78,1583,소방·방재 및 산업안전 시험원,3,3,4,4,4,3,경찰·소방·교정
79,1584,산업안전 및 산업위험 관리,3,3,4,4,3,3,기타전문직
80,159,제도사 및 기타 공학 기술자,3,3,5,4,3,3,기타전문직
81,1591,제도사,3,3,4,4,3,3,기타전문직
82,1599,기타 공학 관련 기술자 및,3,3,5,4,3,3,기타전문직
83,21,교육직,3,3,3,4,3,3,기타전문직
84,211,대학 교수 및 강사,4,3,3,4,3,3,교육·교사
85,2111,대학 교수,3,3,3,3,3,3,교육·교사
86,2112,대학 강사,4,3,3,4,3,3,교육·교사
87,212,학교 교사,4,3,3,4,4,3,교육·교사
88,2121,중·고등학교 교사,4,3,3,4,4,3,교육·교사
89,2122,초등학교 교사,4,3,3,4,4,3,교육·교사
90,2123,특수교육 교사,4,3,3,4,4,3,교육·교사
91,2129,기타 교사,4,3,3,4,4,3,교육·교사
92,213,유치원 교사,4,3,3,4,4,3,교육·교사
93,2130,유치원 교사,4,3,3,4,4,3,교육·교사
94,214,문리·기술·예능 강사,4,3,3,4,3,3,교육·교사
95,2141,외국어 강사,4,3,3,4,3,3,교육·교사
96,2142,문리 강사,4,3,3,4,3,3,교육·교사
97,2143,정보통신기술 강사,4,3,3,4,3,3,교육·교사
98,2144,기술 및 기능계 강사,4,3,3,4,3,3,교육·교사
99,2145,간호조무 및 요양보호 강사,4,3,3,4,4,3,교육·교사
100,2146,자동차 운전 강사,4,3,3,4,3,3,교육·교사
101,2147,예능 강사,4,3,3,4,3,3,교육·교사
102,2148,학습·교구 관련 방문강사,4,3,3,4,3,3,교육·교사
103,2149,기타 문리·기술 및 예능 강사,4,3,3,4,3,3,교육·교사
104,215,장학관 및 기타 교육 종사자,3,3,3,4,3,3,기타전문직
105,2151,장학관·연구관 및 교육 관련,3,3,5,4,3,3,연구원(R&D)
106,2152,대학 교육 조교,3,3,3,4,3,3,기타전문직
107,2153,교사보조 및 관련 종사원,4,3,3,4,4,3,교육·교사
108,2159,기타 교사보조 및 아동돌봄,4,3,3,4,4,3,교육·교사
109,22,법률직,3,3,3,3,3,3,기타전문직
110,221,법률 전문가,3,3,3,3,3,3,기타전문직
111,2211,판사 및 검사,3,4,3,3,3,3,기타전문직
112,2212,변호사,3,3,3,3,3,3,기타전문직
113,2213,법무사 및 집행관,3,4,3,3,3,3,기타전문직
114,2214,변리사,3,3,3,3,3,3,기타전문직
115,2219,기타 법률 전문가,3,3,3,3,3,3,기타전문직
116,222,법률 사무원,3,3,3,3,3,3,행정·사무
117,2220,법률 관련 사무원,3,3,3,3,3,3,행정·사무
118,23,사회복지·종교직,4,3,3,3,4,3,기타전문직
119,231,사회복지사 및 상담사,4,3,3,3,4,3,상담사/심리상담사
120,2311,사회복지사,4,3,3,3,4,3,기타전문직
121,2312,상담 전문가,4,3,3,3,3,3,상담사/심리상담사
122,2313,청소년 지도사,3,3,3,3,3,3,기타전문직
123,2314,직업 관련 상담사,4,3,3,3,4,3,상담사/심리상담사
124,2315,시민사회 활동가,3,3,3,3,3,3,기타전문직
125,232,보육교사 및 기타 사회복지,4,3,3,4,4,3,교육·교사
126,2321,보육교사,4,3,3,4,4,3,교육·교사
127,2322,보육 관련 시설 돌봄 종사원,3,3,3,3,3,3,기타전문직
128,2329,기타 사회복지 전문가 및 관련,4,3,3,3,4,3,기타전문직
129,233,성직자 및 기타 종교 종사자,3,3,3,3,3,3,기타전문직
130,2331,성직자,3,3,3,3,3,3,기타전문직
131,2339,기타 종교 관련 종사원,3,3,3,3,3,3,기타전문직
132,24,경찰·소방·교도직,3,3,3,3,4,3,경찰·소방·교정
133,240,경찰관,3,3,3,3,4,3,경찰·소방·교정
134,2401,경찰관 및 수사관,3,3,3,3,4,3,경찰·소방·교정
135,2402,소방관,3,3,3,3,4,3,경찰·소방·교정
136,2403,소년원 학교 교사 및 교도관,4,3,3,4,4,3,교육·교사
137,25,군인,3,3,3,3,3,3,군인
138,250,군인,3,3,3,3,3,3,군인
139,2501,영관급 이상 장교,3,3,3,3,3,3,군인
140,2502,위관급 장교,3,3,3,3,3,3,군인
141,2503,준사관,3,3,3,3,3,3,군인
142,2504,부사관,3,3,3,3,3,3,군인
143,2509,기타 군인,3,3,3,3,3,3,군인
144,30,보건·의료직,3,3,3,3,3,3,의사(전체)
145,301,의사,3,3,3,3,3,3,의사(전체)
146,3011,전문 의사,3,3,3,3,3,3,의사(전체)
147,3012,일반 의사,3,3,3,3,3,3,의사(전체)
148,3013,한의사,3,3,3,3,3,3,의사(전체)
149,3014,치과의사,3,3,3,3,3,3,의사(전체)
150,302,수의사,3,3,3,3,3,3,의사(전체)
151,3020,수의사,3,3,3,3,3,3,의사(전체)
152,303,약사 및 한약사,3,3,3,3,3,3,약무/보건행정
153,3031,약사,3,3,3,3,3,3,약무/보건행정
154,3032,한약사,3,3,3,3,3,3,약무/보건행정
155,304,간호사,4,3,3,3,4,3,간호사
156,3040,간호사,4,3,3,3,4,3,간호사
157,305,영양사,3,3,3,3,3,3,기타전문직
158,3050,영양사,3,3,3,3,3,3,기타전문직
159,306,의료기사·치료사·재활사,4,3,3,3,3,3,의사(전체)
160,3061,임상병리사,3,3,3,3,3,3,임상병리사
161,3062,방사선사,3,3,3,3,3,3,기타전문직
162,3063,치과기공사,3,3,3,3,3,3,치위생/치과 직무
163,3064,치과위생사,3,3,3,3,3,3,치위생/치과 직무
164,3065,물리 및 작업 치료사,4,3,3,3,3,3,치료사(물리·작업)
165,3066,임상심리사,3,3,3,3,3,3,상담사/심리상담사
166,3067,재활공학 기사,3,3,5,3,3,3,기타전문직
167,3068,언어 및 청각능력 재활사,3,3,3,3,3,3,기타전문직
168,3069,기타 치료·재활사 및 의료기사,4,3,3,3,3,3,의사(전체)
169,307,보건·의료 종사자,3,3,3,3,3,3,의사(전체)
170,3071,응급 구조사,3,3,3,3,4,3,기타전문직
171,3072,위생사,3,3,3,3,3,3,기타전문직
172,3073,안경사,3,3,3,3,3,3,기타전문직
173,3074,보건의료정보 관리사,3,3,3,3,3,3,의사(전체)
174,3075,간호조무사,4,3,3,3,4,3,간호사
175,3076,환자안전 관리사,3,3,3,3,3,3,기타전문직
176,3077,수의사 보조원,3,3,3,3,3,3,의사(전체)
177,3078,안마사,3,3,3,3,3,3,기타전문직
178,3079,기타 돌봄 및 보건 서비스,4,3,3,3,3,3,기타전문직
179,41,예술·디자인·방송직,3,3,3,3,3,3,시각디자이너
180,411,작가·통번역가,3,3,3,3,3,3,기자·작가·출판
181,4111,작가,3,3,3,3,3,3,기자·작가·출판
182,4112,번역가 및 통역가,3,3,3,3,3,3,기타전문직
183,4113,출판물 전문가,3,3,3,3,3,3,기자·작가·출판
184,412,기자 및 언론 전문가,3,3,3,3,3,3,기자·작가·출판
185,4120,기자 및 언론 관련 전문가,3,3,3,3,3,3,기자·작가·출판
186,413,학예사·사서·기록물관리사,3,3,3,3,3,3,기타전문직
187,4131,학예사 및 문화재 보존원,3,3,3,3,3,3,기타전문직
188,4132,사서 및 기록물관리사,3,3,3,3,3,3,기타전문직
189,414,창작·공연 전문가,3,3,3,3,3,3,기타전문직
190,4141,화가 및 조각가,3,3,3,3,3,3,기타전문직
191,4142,사진기자 및 사진사,3,3,3,3,3,3,기자·작가·출판
192,4143,만화가 및 만화영화 작가,3,3,3,3,3,3,기자·작가·출판
193,4144,국악 및 전통 예능인,3,3,3,3,3,3,기타전문직
194,4145,지휘자,3,3,3,3,3,3,기타전문직
195,4146,가수 및 성악가,3,3,3,3,3,3,기타전문직
196,4147,무용가 및 안무가,3,3,3,3,3,3,기타전문직
197,4149,기타 시각 및 공연 예술가,3,3,3,3,3,3,기타전문직
198,415,디자이너,3,3,3,4,3,3,기타전문직
199,4151,제품 디자이너,3,3,3,4,3,3,기타전문직
200,4152,패션 디자이너,3,3,3,4,3,3,기타전문직
201,4153,실내장식 디자이너,3,3,3,4,3,3,기타전문직
202,4154,시각 디자이너,3,3,3,4,3,3,기타전문직
203,4155,미디어 콘텐츠 디자이너,3,3,3,4,3,3,영상편집/콘텐츠
204,416,연극·영화·방송 전문가,3,3,3,3,3,3,기타전문직
205,4161,감독 및 기술 감독,3,3,3,3,3,3,기타전문직
206,4162,배우 및 모델,3,3,3,3,3,3,기타전문직
207,4163,아나운서 및 리포터,3,3,3,3,3,3,기타전문직
208,4164,촬영기사,3,3,3,3,3,3,기타전문직
209,4165,음향 및 녹음 기사,3,3,3,3,3,3,기타전문직
210,4166,영상,3,3,3,3,3,3,영상편집/콘텐츠
211,4167,조명기사 및 영사기사,3,3,3,3,3,3,기타전문직
212,4168,미디어 콘텐츠 창작자,3,3,3,3,3,3,영상편집/콘텐츠
213,4169,기타 연극·영화 및 영상 관련,3,3,3,3,3,3,영상편집/콘텐츠
214,417,문화·예술 기획자 및 매니저,3,5,3,4,3,4,기획/전략 담당자
215,4171,공연 및 시각예술 기획자,3,3,3,4,3,4,기획/전략 담당자
216,4172,영화 및 음반 기획자,3,3,3,4,3,4,기획/전략 담당자
217,4173,연예인 및 스포츠 매니저,3,5,3,3,3,3,기타전문직
218,42,스포츠·레크리에이션직,3,3,3,3,3,3,기타전문직
219,420,스포츠·레크리에이션 종사자,3,3,3,3,3,3,기타전문직
220,4201,스포츠 감독 및 코치,3,3,3,3,3,3,기타전문직
221,4202,직업 운동선수,3,3,3,3,3,3,기타전문직
222,4203,경기 심판 및 경기 기록원,3,3,3,3,3,3,기타전문직
223,4204,스포츠 강사 및 트레이너,4,3,3,4,3,3,교육·교사
224,4205,기타 스포츠 및 레크리에이션,3,3,3,3,3,3,기타전문직
225,4209,기타 여가 서비스 종사원,4,3,3,3,3,3,기타전문직
226,51,미용·예식 및 반려동물 서비스직,4,3,3,3,3,3,기타전문직
227,511,미용 서비스원,4,3,3,3,3,3,기타전문직
228,5111,이용사,3,3,3,3,3,3,기타전문직
229,5112,미용사,3,3,3,3,3,3,기타전문직
230,5113,네일 관리사,3,3,3,3,3,3,기타전문직
231,5114,피부 및 체형 관리사,3,3,3,3,3,3,기타전문직
232,5115,메이크업 아티스트 및 분장사,3,3,3,3,3,3,기타전문직
233,5119,기타 미용 관련 서비스 종사원,4,3,3,3,3,3,기타전문직
234,512,결혼·장례 등 예식 서비스원,4,3,3,3,3,3,기타전문직
235,5121,결혼 상담원 및 웨딩플래너,4,3,3,3,3,3,상담사/심리상담사
236,5122,혼례 종사원,3,3,3,3,3,3,기타전문직
237,5123,장례 지도사 및 장례 상담원,4,3,3,3,3,3,상담사/심리상담사
238,5124,점술가 및 민속신앙 종사원,3,3,3,3,3,3,기타전문직
239,5129,기타 개인 생활 서비스 종사원,4,3,3,3,3,3,기타전문직
240,513,반려동물 서비스원,4,3,3,3,3,3,기타전문직
241,5131,반려동물 훈련사 및 행동,3,3,3,3,3,3,기타전문직
242,5132,반려동물 관리 종사원,3,3,3,3,3,3,기타전문직
243,52,여행·숙박·오락 서비스직,4,3,3,3,3,3,기타전문직
244,521,여행 서비스원,4,3,3,3,3,3,기타전문직
245,5211,여행 상품 개발자,3,3,5,4,3,3,기타전문직
246,5212,여행 사무원,3,3,3,3,3,3,행정·사무
247,5213,관광 서비스 종사원,4,3,3,3,3,3,기타전문직
248,522,항공기·선박·열차 객실승무원,4,3,3,3,3,3,기타전문직
249,5221,항공기 객실 승무원,4,3,3,3,3,3,기타전문직
250,5222,선박 및 열차 객실 승무원,4,3,3,3,3,3,기타전문직
251,523,숙박시설 서비스원,4,3,3,3,3,3,기타전문직
252,5230,숙박시설 서비스 종사원,4,3,3,3,3,3,기타전문직
253,524,오락시설 서비스원,4,3,3,3,3,3,기타전문직
254,5240,오락시설 서비스 종사원,4,3,3,3,3,3,기타전문직
255,53,음식 서비스직,4,3,3,3,3,3,기타전문직
256,531,주방장 및 조리사,3,3,3,3,3,3,기타전문직
257,5311,주방장 및 요리 연구가,3,3,5,4,3,3,연구원(R&D)
258,5312,한식 조리사,3,3,3,3,3,3,기타전문직
259,5313,중식 조리사,3,3,3,3,3,3,기타전문직
260,5314,양식 조리사,3,3,3,3,3,3,기타전문직
261,5315,일식 조리사,3,3,3,3,3,3,기타전문직
262,5316,바텐더,3,3,3,3,3,3,기타전문직
263,5317,음료 조리원,3,3,3,3,3,3,기타전문직
264,5318,단체급식 조리사,3,3,3,3,3,3,기타전문직
265,5319,기타 조리사,3,3,3,3,3,3,기타전문직
266,532,식당 서비스원,4,3,3,3,3,3,기타전문직
267,5321,패스트푸드 준비원,3,3,3,3,3,3,기타전문직
268,5322,식음료 서비스 종사원,4,3,3,3,3,3,기타전문직
269,5323,주방 보조원,3,3,3,3,3,3,기타전문직
270,5329,기타 식음료 서비스 종사원,4,3,3,3,3,3,기타전문직
271,54,경호·경비직,3,3,3,3,3,3,기타전문직
272,541,경호·보안 종사자,3,3,4,3,3,3,정보보안 전문가
273,5411,경호원,3,3,3,3,3,3,기타전문직
274,5412,청원경찰,3,3,3,3,4,3,경찰·소방·교정
275,5413,시설 및 특수 경비원,3,3,3,3,3,3,기타전문직
276,5414,보안 관제원,3,3,4,3,3,3,정보보안 전문가
277,5419,기타 경호 및 보안 관련,3,3,4,3,3,3,정보보안 전문가
278,542,경비원,3,3,3,3,3,3,기타전문직
279,5420,건물 관리원,3,3,3,3,3,3,기타전문직
280,55,돌봄 서비스직,4,3,3,3,3,3,기타전문직
281,550,돌봄 서비스 종사자,4,3,3,3,3,3,기타전문직
282,5501,요양보호사,3,3,3,3,3,3,기타전문직
283,5502,간병인,3,3,3,3,3,3,기타전문직
284,5503,노인 돌봄 종사원,3,3,3,3,3,3,기타전문직
285,5504,장애인 돌봄 종사원,3,3,3,3,3,3,기타전문직
286,5505,육아 도우미,3,3,3,3,3,3,기타전문직
287,56,청소 및 기타 개인서비스직,4,3,3,3,3,3,기타전문직
288,561,청소 종사자,3,3,3,3,3,3,기타전문직
289,5611,건물 청소원,3,3,3,3,3,3,기타전문직
290,5612,운송 및 시설장비 청소원,3,3,3,3,3,3,기타전문직
291,5613,거리 및 공공장소 청소원,3,3,3,3,3,3,기타전문직
292,5614,재활용품 및 쓰레기 수거원,3,3,3,3,3,3,기타전문직
293,5619,기타 청소 관련 종사원,3,3,3,3,3,3,기타전문직
294,562,세정원 및 방역원,3,3,3,3,3,3,기타전문직
295,5621,세정원,3,3,3,3,3,3,기타전문직
296,5622,방역원,3,3,3,3,3,3,기타전문직
297,563,가사 서비스원,4,3,3,3,3,3,기타전문직
298,5631,구두 미화원,3,3,3,3,3,3,기타전문직
299,5632,세탁원 및 다림질원,3,3,3,3,3,3,기타전문직
300,5633,가사 도우미,3,3,3,3,3,3,기타전문직
301,564,검침·주차관리 및 기타 서비스,4,3,3,3,3,3,기타전문직
302,5641,계기 검침원 및 가스 점검원,3,4,3,3,3,3,기타전문직
303,5642,자동판매기 관리원,4,3,3,3,3,3,영업·판매
304,5643,주차 관리원 및 안내원,3,3,3,3,3,3,기타전문직
305,5644,검표원,3,3,3,3,3,3,기타전문직
306,5645,대여 제품 방문 점검원,3,4,3,3,3,3,기타전문직
307,5649,기타 서비스 관련 단순 종사원,4,3,3,3,3,3,기타전문직
308,61,영업·판매직,4,3,3,3,3,4,영업·판매
309,611,부동산 컨설턴트 및 중개사,4,3,3,3,3,4,기타전문직
310,6110,부동산 컨설턴트 및 중개사,4,3,3,3,3,4,기타전문직
311,612,기술·해외 영업원 및,4,3,3,3,3,4,영업·판매
312,6121,기술 영업원,4,3,3,3,3,4,영업·판매
313,6122,해외 영업원,4,3,3,3,3,4,영업·판매
314,6123,상품중개인 및 경매사,3,3,3,3,3,3,기타전문직
315,6129,기타 기술 영업 및 중개 관련,4,3,3,3,3,4,영업·판매
316,613,자동차 및 제품 영업원,4,3,3,3,3,4,영업·판매
317,6131,자동차 영업원,4,3,3,3,3,4,영업·판매
318,6132,제품 영업원,4,3,3,3,3,4,영업·판매
319,6139,기타 영업원,4,3,3,3,3,4,영업·판매
320,614,텔레마케터,3,3,3,3,3,3,기타전문직
321,6140,텔레마케터,3,3,3,3,3,3,기타전문직
322,615,판매 종사자,4,3,3,3,3,3,영업·판매
323,6151,소규모 상점 경영 및 일선,3,3,3,3,3,3,기타전문직
324,6152,상점 판매원,4,3,3,3,3,3,영업·판매
325,6153,단말기 및 통신 서비스 판매원,4,3,3,3,3,3,영업·판매
326,6154,온라인 쇼핑 판매원,4,3,3,3,3,3,영업·판매
327,6155,상품 대여원,3,3,3,3,3,3,기타전문직
328,6156,노점 및 이동 판매원,4,3,3,3,3,3,영업·판매
329,6157,방문 판매원,4,3,3,3,3,3,영업·판매
330,6158,주유원,3,3,3,3,3,3,기타전문직
331,616,매장 계산원 및 매표원,3,3,3,3,3,3,기타전문직
332,6161,매장 계산원 및 요금 정산원,3,3,3,3,3,3,기타전문직
333,6162,매표원 및 복권 판매원,4,3,3,3,3,3,영업·판매
334,617,판촉 및 기타 판매 단순,4,3,3,3,3,3,영업·판매
335,6171,홍보 도우미 및 판촉원,4,3,3,3,3,3,마케팅·홍보
336,6179,기타 판매 관련 단순 종사원,4,3,3,3,3,3,영업·판매
337,62,운전·운송직,3,3,3,3,3,3,기타전문직
338,621,항공기·선박·철도 조종사 및,3,3,3,3,3,3,기타전문직
339,6211,항공기 조종사,3,3,3,3,3,3,기타전문직
340,6212,선장 및 항해사,3,3,3,3,3,3,기타전문직
341,6213,철도 및 전동차 기관사,3,3,3,3,3,3,기타전문직
342,6214,관제사,3,3,3,3,3,3,기타전문직
343,6219,철도운송 관련 종사원,3,3,3,3,3,3,기타전문직
344,622,자동차 운전원,3,3,3,3,3,3,기타전문직
345,6221,택시 운전원,3,3,3,3,3,3,기타전문직
346,6222,버스 운전원,3,3,3,3,3,3,기타전문직
347,6223,화물차 및 특수차 운전원,3,3,3,3,3,3,기타전문직
348,6229,기타 자동차 운전원,3,3,3,3,3,3,기타전문직
349,623,물품이동장비 조작원,3,3,3,3,3,3,기타전문직
350,6230,물품 이동 장비 조작원,3,3,3,3,3,3,기타전문직
351,624,택배원 및 기타 운송 종사자,3,3,3,3,3,3,기타전문직
352,6241,택배원,3,3,3,3,3,3,기타전문직
353,6242,늘찬배달원,3,3,3,3,3,3,기타전문직
354,6243,우편집배원,3,3,3,3,3,3,영상편집/콘텐츠
355,6244,선박 승무원 및 관련 종사원,4,3,3,3,3,3,기타전문직
356,6245,하역 및 적재 단순 종사원,3,3,3,3,3,3,기타전문직
357,6246,화물 분류원,3,3,3,3,3,3,기타전문직
358,6247,정기배달원,3,3,3,3,3,3,기타전문직
359,6249,기타 배달원,3,3,3,3,3,3,기타전문직
360,70,건설·채굴직,3,3,3,3,3,3,기타전문직
361,701,건설구조 기능원,3,3,3,3,3,3,기타전문직
362,7011,강구조물 가공원 및 건립원,3,3,3,3,3,3,기타전문직
363,7012,경량 철골공,3,3,3,3,3,3,기타전문직
364,7013,철근공,3,3,3,3,3,3,기타전문직
365,7014,콘크리트공,3,3,3,3,3,3,기타전문직
366,7015,건축 석공,3,3,3,3,3,3,토목/건축 엔지니어
367,7016,건축 목공,3,3,3,3,3,3,토목/건축 엔지니어
368,7017,조적공 및 석재 부설원,3,3,3,3,3,3,기타전문직
369,7019,기타 건설 관련 기능 종사원,3,3,3,3,3,3,기타전문직
370,702,건축마감 기능원,3,3,3,3,3,3,토목/건축 엔지니어
371,7021,미장공,3,3,3,3,3,3,기타전문직
372,7022,방수공,3,3,3,3,3,3,기타전문직
373,7023,단열공,3,3,3,3,3,3,기타전문직
374,7024,바닥재 시공원,3,3,3,3,3,3,기타전문직
375,7025,도배공 및 유리 부착원,3,3,3,3,3,3,기타전문직
376,7026,건축 도장공,3,3,3,3,3,3,토목/건축 엔지니어
377,7027,새시 조립 및 설치원,3,3,3,3,3,3,기타전문직
378,7029,기타 건축 마감 관련 기능,3,3,3,3,3,3,토목/건축 엔지니어
379,703,배관공,3,3,3,3,3,3,기타전문직
380,7031,건설 배관공,3,3,3,3,3,3,기타전문직
381,7032,공업 배관공,3,3,3,3,3,3,기타전문직
382,7039,기타 배관공,3,3,3,3,3,3,기타전문직
383,704,건설·채굴 기계 운전원,3,3,3,3,3,3,기계 엔지니어
384,7040,건설 및 채굴기계 운전원,3,3,3,3,3,3,기계 엔지니어
385,705,기타 건설 기능원,3,3,3,3,3,3,기타전문직
386,7051,광원,3,3,3,3,3,3,기타전문직
387,7052,철로 설치 및 보수원,3,3,3,3,3,3,기타전문직
388,7059,기타 채굴 및 토목 관련,3,3,3,3,3,3,토목/건축 엔지니어
389,706,건설·채굴 단순 종사자,3,3,3,3,3,3,기타전문직
390,7060,건설 및 광업 단순 종사원,3,3,3,3,3,3,기타전문직
391,81,기계 설치·정비·생산직,3,3,3,3,3,3,기계 엔지니어
392,811,기계장비,3,3,3,3,3,3,기계 엔지니어
393,8111,로봇 설치 및 정비원,3,3,3,3,3,3,기타전문직
394,8112,공업기계 설치 및 정비원,3,3,3,3,3,3,기계 엔지니어
395,8113,승강기 설치 및 정비원,3,3,3,3,3,3,기타전문직
396,8114,물품 이동 장비 설치 및,3,3,3,3,3,3,기타전문직
397,8115,냉동·냉장·공조기 설치 및,3,3,3,3,3,3,기타전문직
398,8116,보일러 설치 및 정비원,3,3,3,3,3,3,기타전문직
399,8117,건설·광업기계 설치 및 정비원,3,3,3,3,3,3,기계 엔지니어
400,8119,농업용·기타 기계장비 설치 및,3,3,3,3,3,3,기계 엔지니어
401,812,운송장비 정비원,3,3,3,3,3,3,기타전문직
402,8121,항공기 정비원,3,3,3,3,3,3,기타전문직
403,8122,선박 정비원,3,3,3,3,3,3,기타전문직
404,8123,철도 기관차 및 전동차 정비원,3,3,3,3,3,3,기타전문직
405,8124,자동차 정비원,3,3,3,3,3,3,기타전문직
406,8129,기타 운송장비 정비원,3,3,3,3,3,3,기타전문직
407,813,금형원 및 공작기계 조작원,3,3,3,3,3,3,기계 엔지니어
408,8131,금형원,3,3,3,3,3,3,기타전문직
409,8132,금속 공작기계 조작원,3,3,3,3,3,3,기계 엔지니어
410,814,냉·난방 설비 조작원,3,3,3,3,3,3,기타전문직
411,8140,냉·난방 관련 설비 조작원,3,3,3,3,3,3,기타전문직
412,815,자동조립라인·산업용로봇,3,3,3,3,3,3,기타전문직
413,8150,자동조립라인 및 산업용로봇,3,3,3,3,3,3,기타전문직
414,816,기계 조립원,3,3,3,3,3,3,기계 엔지니어
415,8161,일반기계 조립원,3,3,3,3,3,3,기계 엔지니어
416,8162,기계 부품 조립원,3,3,3,3,3,3,기계 엔지니어
417,817,운송장비 조립원,3,3,3,3,3,3,기타전문직
418,8171,자동차 조립원,3,3,3,3,3,3,기타전문직
419,8172,자동차 부품 조립원,3,3,3,3,3,3,기타전문직
420,8173,운송장비 조립원,3,3,3,3,3,3,기타전문직
421,82,금속·재료 설치·정비·생산직,3,3,3,3,3,3,공정/생산 엔지니어
422,821,금속관련 기계·설비 조작원,3,3,3,3,3,3,기계 엔지니어
423,8211,금속가공 관련 제어 장치,3,3,3,3,3,3,기타전문직
424,8212,금속가공 기계 조작원,3,3,3,3,3,3,기계 엔지니어
425,822,판금원 및 제관원,3,3,3,3,3,3,기타전문직
426,8221,판금원,3,3,3,3,3,3,기타전문직
427,8222,판금기 조작원,3,3,3,3,3,3,기타전문직
428,8223,제관원,3,3,3,3,3,3,기타전문직
429,8224,제관기 조작원,3,3,3,3,3,3,기타전문직
430,823,단조원 및 주조원,3,3,3,3,3,3,기타전문직
431,8231,단조원,3,3,3,3,3,3,기타전문직
432,8232,단조기 조작원,3,3,3,3,3,3,기타전문직
433,8233,주조원,3,3,3,3,3,3,기타전문직
434,8234,주조기 조작원,3,3,3,3,3,3,기타전문직
435,824,용접원 및 용접기 조작원,3,3,3,3,3,3,기타전문직
436,8241,용접원,3,3,3,3,3,3,기타전문직
437,8242,용접기 조작원,3,3,3,3,3,3,기타전문직
438,825,도장원 및 도금원,3,3,3,3,3,3,기타전문직
439,8251,도장기 조작원,3,3,3,3,3,3,기타전문직
440,8252,도금 및 금속 분무기 조작원,3,3,3,3,3,3,기타전문직
441,826,비금속제품 생산기계 조작원,3,3,3,3,3,3,기계 엔지니어
442,8261,유리 제조 및 가공기 조작원,3,3,3,3,3,3,제조·품질관리(QC/QA)
443,8262,점토제품 생산기 조작원,3,3,3,3,3,3,공정/생산 엔지니어
444,8263,시멘트 및 광물제품 제조기,3,3,3,3,3,3,제조·품질관리(QC/QA)
445,8264,광석 및 석제품 가공기 조작원,3,3,3,3,3,3,기타전문직
446,8269,기타 비금속제품 관련 생산기,3,3,3,3,3,3,공정/생산 엔지니어
447,83,전기·전자 설치·정비·생산직,3,3,3,3,3,3,전기/전자 엔지니어
448,831,전기공,3,3,3,3,3,3,전기/전자 엔지니어
449,8311,산업 전기공,3,3,3,3,3,3,전기/전자 엔지니어
450,8312,내선 전기공,3,3,3,3,3,3,전기/전자 엔지니어
451,8313,외선 전기공,3,3,3,3,3,3,전기/전자 엔지니어
452,832,전기·전자 기기 설치·수리원,3,3,3,3,3,3,전기/전자 엔지니어
453,8321,사무용 전자기기 설치 및,3,3,3,3,3,3,전기/전자 엔지니어
454,8322,가전제품 설치 및 수리원,3,3,3,3,3,3,기타전문직
455,8329,기타 전기·전자기기 설치 및,3,3,3,3,3,3,전기/전자 엔지니어
456,833,발전·배전 장치 조작원,3,3,3,3,3,3,기타전문직
457,8330,발전 및 배전 장치 조작원,3,3,3,3,3,3,기타전문직
458,834,전기·전자 설비 조작원,3,3,3,3,3,3,전기/전자 엔지니어
459,8340,전기 및 전자설비 조작원,3,3,3,3,3,3,전기/전자 엔지니어
460,835,전기·전자 부품·제품,3,3,3,3,3,3,전기/전자 엔지니어
461,8351,전기 부품 및 제품 제조 기계,3,3,3,3,3,3,기계 엔지니어
462,8352,일차전지 및 이차전지 제조,3,3,3,3,3,3,제조·품질관리(QC/QA)
463,8353,전자 부품 및 제품 제조 기계,3,3,3,3,3,3,기계 엔지니어
464,836,전기·전자 부품·제품 조립원,3,3,3,3,3,3,전기/전자 엔지니어
465,8360,전기·전자 부품 및 제품,3,3,3,3,3,3,전기/전자 엔지니어
466,84,정보통신 설치·정비직,3,3,3,3,3,3,기타전문직
467,841,정보통신기기 설치·수리원,3,3,3,3,3,3,기타전문직
468,8411,컴퓨터 설치 및 수리원,3,3,3,3,3,3,기타전문직
469,8412,이동전화기 수리원,3,3,3,3,3,3,기타전문직
470,8419,기타 정보 통신기기 설치 및,3,3,3,3,3,3,기타전문직
471,842,방송·통신장비 설치·수리원,3,3,3,3,3,3,기타전문직
472,8421,방송 관련 장비 설치 및,3,3,3,3,3,3,기타전문직
473,8422,통신 관련 장비 설치 및,3,3,3,3,3,3,기타전문직
474,8423,방송·통신·인터넷 케이블,3,3,3,3,3,3,기타전문직
475,85,화학·환경 설치·정비·생산직,3,3,3,3,3,3,공정/생산 엔지니어
476,851,석유·화학물 가공장치 조작원,3,3,3,3,3,3,기타전문직
477,8511,석유 및 천연가스 제조 관련,3,3,3,3,3,3,제조·품질관리(QC/QA)
478,8512,화학물 가공 장치 조작원,3,3,3,3,3,3,기타전문직
479,8519,기타 석유 및 화학물 가공,3,3,3,3,3,3,기타전문직
480,852,고무·플라스틱 및 화학제품,3,3,3,3,3,3,기타전문직
481,8521,타이어 및 고무제품 생산기,3,3,3,3,3,3,공정/생산 엔지니어
482,8522,플라스틱제품 생산기 조작원,3,3,3,3,3,3,공정/생산 엔지니어
483,8523,화학제품 생산기 조작원,3,3,3,3,3,3,공정/생산 엔지니어
484,8524,고무 및 플라스틱제품 조립원,3,3,3,3,3,3,기타전문직
485,853,환경관련 장치 조작원,3,3,3,3,3,3,기타전문직
486,8531,상하수도 처리 장치 조작원,3,3,3,3,3,3,기타전문직
487,8532,재활용 처리 및 소각로 조작원,3,3,3,3,3,3,기타전문직
488,86,섬유·의복 생산직,3,3,3,3,3,3,공정/생산 엔지니어
489,861,섬유 제조·가공 기계 조작원,3,3,3,3,3,3,기계 엔지니어
490,8611,섬유 제조 기계 조작원,3,3,3,3,3,3,기계 엔지니어
491,8612,직조기 및 편직기 조작원,3,3,3,3,3,3,기타전문직
492,8613,표백 및 염색 관련 기계,3,3,3,3,3,3,기계 엔지니어
493,862,패턴사,3,3,3,3,3,3,기타전문직
494,8621,패턴사,3,3,3,3,3,3,기타전문직
495,8622,재단사,3,3,3,3,3,3,기타전문직
496,8623,재봉사,3,3,3,3,3,3,기타전문직
497,8629,기타 섬유 및 가죽 관련 기능,3,3,3,3,3,3,기타전문직
498,863,의복 제조원 및 수선원,3,3,3,3,3,3,제조·품질관리(QC/QA)
499,8631,한복 제조원,3,3,3,3,3,3,제조·품질관리(QC/QA)
500,8632,양장 및 양복 제조원,3,3,3,3,3,3,제조·품질관리(QC/QA)
501,8633,모피 및 가죽 의복 제조원,3,3,3,3,3,3,제조·품질관리(QC/QA)
502,8634,의복·가죽 및 모피 수선원,3,3,3,3,3,3,기타전문직
503,8639,기타 의복 제조 관련 기능,3,3,3,3,3,3,제조·품질관리(QC/QA)
504,864,제화원,3,3,3,3,3,3,기타전문직
505,8641,제화원,3,3,3,3,3,3,기타전문직
506,8642,신발 제조기 조작원,3,3,3,3,3,3,제조·품질관리(QC/QA)
507,8643,세탁 기계 조작원,3,3,3,3,3,3,기계 엔지니어
508,8649,기타 직물·신발 관련 기계,3,3,3,3,3,3,기계 엔지니어
509,87,식품 가공·생산직,3,3,3,3,3,3,공정/생산 엔지니어
510,871,제과·제빵원 및 떡제조원,3,3,3,3,3,3,제조·품질관리(QC/QA)
511,8711,제과원 및 제빵사,3,3,3,3,3,3,기타전문직
512,8712,떡 제조원,3,3,3,3,3,3,제조·품질관리(QC/QA)
513,872,식품 가공 기능원,3,3,3,3,3,3,기타전문직
514,8721,정육 가공원 및 도축원,3,3,3,3,3,3,기타전문직
515,8722,김치 및 밑반찬 제조 종사원,3,3,3,3,3,3,제조·품질관리(QC/QA)
516,8723,도시락 제조원,3,3,3,3,3,3,제조·품질관리(QC/QA)
517,8724,식품 및 담배 등급원,3,3,3,3,3,3,기타전문직
518,8729,기타 식품 가공 관련 기능,3,3,3,3,3,3,기타전문직
519,873,식품 가공 기계 조작원,3,3,3,3,3,3,기계 엔지니어
520,8731,육류·어패류 및 낙농품 가공,3,3,3,3,3,3,기타전문직
521,8732,제분 및 도정 관련 기계,3,3,3,3,3,3,기계 엔지니어
522,8733,곡물가공 제품 기계 조작원,3,3,3,3,3,3,기계 엔지니어
523,8734,과실 및 채소가공 관련 기계,3,3,3,3,3,3,기계 엔지니어
524,8735,음료 제조 관련 기계 조작원,3,3,3,3,3,3,기계 엔지니어
525,8739,기타 식품가공 관련 기계,3,3,3,3,3,3,기계 엔지니어
526,88,인쇄·목재·공예 및 기타,3,3,3,3,3,3,기타전문직
527,881,인쇄기계·사진현상기 조작원,3,3,3,3,3,3,기계 엔지니어
528,8811,인쇄 관련 기계 조작원,3,3,3,3,3,3,기계 엔지니어
529,8812,사진 인화 및 현상기 조작원,3,3,3,3,3,3,기타전문직
530,882,목재·펄프·종이 생산기계,3,3,3,3,3,3,기계 엔지니어
531,8821,목재 가공 관련 기계 조작원,3,3,3,3,3,3,기계 엔지니어
532,8822,펄프 및 종이 제조 장치,3,3,3,3,3,3,제조·품질관리(QC/QA)
533,8823,종이제품 생산기 조작원,3,3,3,3,3,3,공정/생산 엔지니어
534,8829,기타 목재 및 종이 관련 기계,3,3,3,3,3,3,기계 엔지니어
535,883,가구·목제품 제조·수리원,3,3,3,3,3,3,제조·품질관리(QC/QA)
536,8831,가구 제조 및 수리원,3,3,3,3,3,3,제조·품질관리(QC/QA)
537,8832,가구 조립원,3,3,3,3,3,3,기타전문직
538,8833,목제품 제조 관련 종사원,3,3,3,3,3,3,제조·품질관리(QC/QA)
539,884,공예원 및 귀금속세공원,3,3,3,3,3,3,기타전문직
540,8841,공예원,3,3,3,3,3,3,기타전문직
541,8842,귀금속 및 보석 세공원,3,3,3,3,3,3,기타전문직
542,885,악기·간판 및 기타 제조,3,3,3,3,3,3,제조·품질관리(QC/QA)
543,8851,악기 제조 및 조율사,3,3,3,3,3,3,제조·품질관리(QC/QA)
544,8852,간판 제작 및 설치원,3,3,3,3,3,3,기타전문직
545,8853,기타 기능 관련 종사원,3,3,3,3,3,3,기타전문직
546,8859,기타 기계 조작원,3,3,3,3,3,3,기계 엔지니어
547,89,제조 단순직,3,3,3,3,3,3,제조·품질관리(QC/QA)
548,890,제조 단순 종사자,3,3,3,3,3,3,제조·품질관리(QC/QA)
549,8900,기타 제조 관련 단순 종사원,3,3,3,3,3,3,제조·품질관리(QC/QA)
550,90,농림어업직,3,3,3,3,3,3,기타전문직
551,901,작물재배 종사자,3,3,3,3,3,3,기타전문직
552,9011,곡식작물 재배원,3,3,3,3,3,3,기타전문직
553,9012,채소 및 특용작물 재배원,3,3,3,3,3,3,기타전문직
554,9013,과수작물 재배원,3,3,3,3,3,3,기타전문직
555,9014,원예작물 재배원,3,3,3,3,3,3,기타전문직
556,9015,조경원,3,3,3,3,3,3,기타전문직
557,902,낙농·사육 종사자,3,3,3,3,3,3,기타전문직
558,9021,낙농 관련 종사원,3,3,3,3,3,3,기타전문직
559,9022,한우 및 육우 사육원,3,3,3,3,3,3,기타전문직
560,9023,돼지 사육원,3,3,3,3,3,3,기타전문직
561,9024,가금 사육원,3,3,3,3,3,3,기타전문직
562,9029,기타 축산 및 사육 관련,3,3,3,3,3,3,기타전문직
563,903,임업 종사자,3,3,3,3,3,3,기타전문직
564,9031,조림,3,3,3,3,3,3,기타전문직
565,9039,기타 임업 관련 종사원,3,3,3,3,3,3,기타전문직
566,904,어업 종사자,3,3,3,3,3,3,기타전문직
567,9041,양식원,3,3,3,3,3,3,기타전문직
568,9042,어부 및 해녀,3,3,3,3,3,3,기타전문직
569,905,농림어업 단순 종사자,3,3,3,3,3,3,기타전문직
570,9051,농업 관련 단순 종사원,3,3,3,3,3,3,기타전문직
571,9052,임업 관련 단순 종사원,3,3,3,3,3,3,기타전문직
572,9053,어업 관련 단순 종사원,3,3,3,3,3,3,기타전문직
